﻿1,フシギダネ,318
2,フシギソウ,405
3,フシギバナ,525
4,ヒトカゲ,309
5,リザード,405
6,リザードン,534
7,ゼニガメ,314
8,カメール,405
9,カメックス,530
10,キャタピー,195
11,トランセル,205
12,バタフリー,395
13,ビードル,195
14,コクーン,205
15,スピアー,395
16,ポッポ,251
17,ピジョン,349
18,ピジョット,479
19,コラッタ,253
20,ラッタ,413
21,オニスズメ,262
22,オニドリル,442
23,アーボ,288
24,アーボック,448
25,ピカチュウ,320
26,ライチュウ,485
27,サンド,300
28,サンドパン,450
29,ニドラン♀,275
30,ニドリーナ,365
31,ニドクイン,505
32,ニドラン♂,273
33,ニドリーノ,365
34,ニドキング,505
35,ピッピ,323
36,ピクシー,483
37,ロコン,299
38,キュウコン,505
39,プリン,270
40,プクリン,435
41,ズバット,245
42,ゴルバット,455
43,ナゾノクサ,320
44,クサイハナ,395
45,ラフレシア,490
46,パラス,285
47,パラセクト,405
48,コンパン,305
49,モルフォン,450
50,ディグダ,265
51,ダグトリオ,425
52,ニャース,290
53,ペルシアン,440
54,コダック,320
55,ゴルダック,500
56,マンキー,305
57,オコリザル,455
58,ガーディ,350
59,ウインディ,555
60,ニョロモ,300
61,ニョロゾ,385
62,ニョロボン,510
63,ケーシィ,310
64,ユンゲラー,400
65,フーディン,500
66,ワンリキー,305
67,ゴーリキー,405
68,カイリキー,505
69,マダツボミ,300
70,ウツドン,390
71,ウツボット,490
72,メノクラゲ,335
73,ドククラゲ,515
74,イシツブテ,300
75,ゴローン,390
76,ゴローニャ,495
77,ポニータ,410
78,ギャロップ,500
79,ヤドン,315
80,ヤドラン,490
81,コイル,325
82,レアコイル,465
83,カモネギ,377
84,ドードー,310
85,ドードリオ,470
86,パウワウ,325
87,ジュゴン,475
88,ベトベター,325
89,ベトベトン,500
90,シェルダー,305
91,パルシェン,525
92,ゴース,310
93,ゴースト,405
94,ゲンガー,500
95,イワーク,385
96,スリープ,328
97,スリーパー　,483
98,クラブ,325
99,キングラー,475
100,ビリリダマ,330
101,マルマイン,490
102,タマタマ,325
103,ナッシー,530
104,カラカラ,320
105,ガラガラ,425
106,サワムラー,455
107,エビワラー,455
108,ベロリンガ,385
109,ドガース,340
110,マタドガス,490
111,サイホーン,345
112,サイドン,485
113,ラッキー,450
114,モンジャラ,435
115,ガルーラ,490
116,タッツー,295
117,シードラ,440
118,トサキント,320
119,アズマオウ,450
120,ヒトデマン,340
121,スターミー,520
122,バリヤード,460
123,ストライク,500
124,ルージュラ,455
125,エレブー,490
126,ブーバー,495
127,カイロス,500
128,ケンタロス,490
129,コイキング,200
130,ギャラドス,540
131,ラプラス,535
132,メタモン,288
133,イーブイ,325
134,シャワーズ,525
135,サンダース,525
136,ブースター,525
137,ポリゴン,395
138,オムナイト,355
139,オムスター,495
140,カブト,355
141,カブトプス,495
142,プテラ,515
143,カビゴン,540
144,フリーザー,580
145,サンダー,580
146,ファイヤー,580
147,ミニリュウ,300
148,ハクリュー,420
149,カイリュー,600
150,ミュウツー,680
151,ミュウ,600
